"SRH, Germany"
"Gisma Univ, Germany"
"BSBI, Germany"
CIU Cyprus
"Final Univ, Cyprus"
"TSI, Latvia"
"UEM, Poland"
"NY, Prague"
"Wollongong Uni, Dubai"
"Abu Dhabi Uni, Abu Dhabi"
"Heriot Watt, Dubai"
"GEDU, Dubai (HND)"
"Northland Institute, Dubai"
"Middlesex Uni, Dubai"
"California State Uni of Dominguez Hills, Usa"
"Curtis Uni, Dubai"
"SP Jain unit, Dubai"
"LAne college, Usa"
"Webster University, USA"
"Woosong Univ, South Korea"
Xi'an Jiaotong-Liverpool University (XJTLU)
"APU, Malaysia"
"INTI, MAlaysia"
"Aurak unit, Cyprus"
"Bilim Univ, Turkey"
"Beykent unit, Turkey"
"BSB Univ, France"
"KArelia University, Finland"
"METU, Hungary"
"Amity University, Dubai"
Domes Academy Italy
"IBS, Hungary"
"Modul University,Vienna"
NY University Czeck Republic
"Anglo-American university, Czeck Republic"