Агрегатор,Название универсиета,Факультеты все или нет на сайте?,чего не хватает,Специальности все на сайте?,Чего не хватает,цена актуальная,если нет то какая?,Фото и описание кампусов то или нет,Кто собирал информацию (имя практиканта)
kaplan,Arizona State University,Нет,"1. W. P. Carey School of Business, 2. The College of Liberal Arts and Sciences, 3. Ira A. Fulton Schools of Engineering, 4. New College of Interdisciplinary Arts and Sciences, 5. College of Integrative Sciences and Arts, 6. New College of Interdisciplinary Arts and Sciences, 7. College of Health Solutions, 8. Watts College of Public Service and Community Solutions, 9. Edson College of Nursing and Health Innovation, 10.  Herberger Institute for Design and the Arts, 11. Watts College of Public Service and Community Solutions, 12. College of Global Futures, 13. Walter Cronkite School of Journalism and Mass Communication, 14. Mary Lou Fulton College for Teaching and Learning Innovation, 15. Thunderbird School of Global Management, 16. Sandra Day O'Connor College of Law",Нет,50 не хватает,Нет,"$31,338 - $62,952 ",Нет,Гузеля
kaplan,University of Oregon,Нет,1. College of Arts and Sciences 2. Charles H. Lundquist College of Business 3. College of Design 4. College of Education 5. Robert D. Clark Honors College 6. School of Journalism and Communication 7. School of Law 8. School of Music and Dance 9. Division of Graduate Studies ,Нет,59 не хватает,Да,,Да,Аяжан
kaplan,Pace University,Нет,"1. College of Liberal Arts and Sciences 2. School of Business 3. School of Engineering 4. College of Agriculture, Health & Natural Resources 5. Neag School of Education 6. School of Nursing 7. School of Pharmacy 8. School of Fine Arts 9. School of Social Work 10. School of Law 11. School of Medicine 12. School of Dental Medicine 13. The Graduate School 14. Ratcliffe Hicks School of Agriculture",Нет,147 не хватает,Да,,Да,Маржан
kaplan,University of Connecticut,Нет,"1. College of Liberal Arts and Sciences 2. School of Business 3. School of Engineering 4. College of Agriculture, Health & Natural Resources 5. Neag School of Education 6. School of Nursing 7. School of Pharmacy 8. School of Fine Arts 9. School of Social Work 10. School of Law 11. School of Medicine 12. School of Dental Medicine 13. The Graduate School 14. Ratcliffe Hicks School of Agriculture",Нет,"141 не хватает, Bachelor’s preparation, Bachelor’s admission, To bachelor’s degrees, To bachelor’s degrees - лишние",Да,,Нет,Аяжан
kaplan,Simmons University,Нет,"1.  College of Natural, Behavioral, and Health Sciences 2. The Gwen Ifill College of Media, Arts, and Humanities 3. School of Sciences and Health Professions 4. College of Organizational, Computational, and Information Sciences 5. School of Nursing 6. College of Social Sciences, Policy, and Practice 7. The Gwen Ifill School of Media, Humanities and Social Sciences 8. School of Library and Information Science 9. School of Social Work",нет,87 не хватает,,,Да,Гузеля
kaplan,ASU London,Нет,1. ASU London Centre for Advanced Learning 2.,Нет,"Business and Management,BEng (Hons) Global Design Engineering",Да,,Нет,Аяжан
kaplan,Nottingham Trent University,Нет,"1. Nottingham Business School  2. Nottingham School of Art & Design 3. School of Architecture, Design and the Built Environment  4. Nottingham Law School  5. School of Social Sciences  6. School of Science and Technology  7. School of Animal, Rural and Environmental Sciences  8. School of Arts and Humanities ",Нет,167 не хватает,Да,,Да,Аяжан
,University of Victoria,Нет,1. Peter B. Gustasvon Scool of Business 2. Faculty of Education 3. Faculty of Engineering and Computer Science 4. Faculty of Fine Arts 5. Faculty of Health 6. Faculty of Humanities 7. Faculty of Law 8. Faculty of Science 9. Faculty of Social Sciences 10. Faculty of Graduate Studies,Нет,90 не хватает,,,,Маржан
kaplan,University of Alberta,Нет,"1. Alberta School of Business 2.Faculty of Agriculture, Life & Environmental Sciences (ALES) 3. Faculty of Arts 4. Faculty of Science 5.Augustana Faculty 6.Faculty of Engineering ",Нет,87 программ,Да,,,Гузеля
kaplan,University of Liverpool,Да,"1. Institute of Life Course and Medical Sciences 2. Institute of Infection, Veterinary and Ecological Sciences  3. Institute of Population Health 4. Institute of Systems, Molecular and Integrative Biology 5. School of the Arts 6. School of Histories, Languages and Cultures 7. School of Law and Social Justice 8. University of Liverpool Management School (ULMS) 9. School of Electrical Engineering, Electronics and Computer Science 10. School of Engineering 11. School of Environmental Sciences 12. School of Physical Sciences 13. The Heseltine Institute for Public Policy, Practice and Place 14. Materials Innovation Factory (MIF) 15. Digital Innovation Facility (DIF)",Нет,146не хватает,Да,,Да,Аяжан
kaplan,University of Essex,Нет,"Faculty of Humanities, Department of Literature, Film and Theatre Studies 2. Faculty of Social Sciences, Essex Business School 3.Faculty of Humanities, Essex Law School 4. Faculty of Humanities, School of Philosophical, Historical and Interdisciplinary Studies 5.Faculty of Social Sciences, Department of Sociology and Criminology 6.Faculty of Social Sciences, Department of Government 7. Faculty of Science and Health, School of Computer Science and Electronic Engineering 8.Faculty of Social Sciences, Department of Language and Linguistics 9.Faculty of Science and Health, Department of Psychology 10.  Faculty of Social Sciences, Department of Psychosocial and Psychoanalytic Studies 11. Faculty of Social Sciences, Department of Economics 12. Faculty of Science and Health, School of Life Sciences 13. Faculty of Humanities, School of Philosophical, Historical and Interdisciplinary Studies 14.",Да,143,Да,,,guzelya
kaplan,UWE Bristol,Да,"1.College of Health, Science and Society, School of Applied Sciences 2.College of Arts, Technology and Environment, School of Architecture and Environment 3.llege of Health, Science and Society, School of Health and Social Wellbeing 4.College of Arts, Technology and Environment School of Computing and Creative Technologies 5. College of Health, Science and Society, School of Social Sciences 6.College of Arts, Technology and Environment, School of Engineering 7. College of Arts, Technology and Environment, School of Art, Design, Culture and Media 8. College of Arts, Technology and Environment, School of Arts 9.College of Business and Law, Bristol Business School 10.College of Health, Science and Society, School of Education and Childhood ",Нет,110 программ,Да,,,Аяжан
kaplan,University of birmingham,Да,,Да,179,Нет,MA International Relations-28.080,Да,Аяжан
kaplan,University of York,Нет,"Faculty of Science, Faculty of Arts and Humanities, Faculty of Social Scinces",Да,202,,"£27,500 -  £34,500",,marzhan
kaplan,University of Westminster,Да,1.College of Creative Arts and Technologies (CAT) 2.Westminster Business School 3.College of Liberal Arts and Sciences 4.,,139,,,Да,Аяжан
kaplan,Cranfield University,Нет,Cranfield Defend fnd Security,Нет,35 программ ,,,,Гузеля
kaplan,"City St George's, University of London",Нет,"1.Bayes Business School 2.Department of Engineering, School of Science and Technology 3. City Law School 4.Department of Journalism, School of Communication and Creativity 5.Department of Economics, School of Policy and Global Affairs 6.Department of Psychology, School of Health and Medical Sciences 7.Department of Health Services Research and Management, School of Health and Psychological Sciences 8.Department of Mathematics, School of Science and Technology 9. Department of Health Services Research and Management, School of Health and Psychological Sciences 

",Нет,167 программ ,,,,Гузеля
kaplan,University of Glasgow,Да,"1.School of Medicine, 2.Dentistry and Nursing, College of MVLS, School of Engineering, College of Science and Engineering, School of Humanities, College of Arts, School of Biodiversity, One Health and Veterinary Medicine, School of Mathematics and Statistics, School of Psychology and Neuroscience,  School of Culture and Creative Arts, School of Molecular Bioscience, School of Infection and Immunity, Institute of Molecular, Cell and Systems Biology, Adam Smith Business School, College of Social Sciences, School of Cancer Sciences, School of Social and Political Sciences, ",Нет,177,Да,,Да,Маржан
kaplan,University of Nottingham,Нет,"1. School of Chemistry 2.Nottingham University Business School 3. Department of Civil Engineering 4. Department of Architecture and Built Environment 5. Department of Chemical and Environmental Engineering 6. Department of Mechanical, Materials and Manufacturing Engineering 7. Department of Classics and Archaeology 8. Department of History 9. School of Biosciences 10. School of English 11. Department of History 12. Department of History of Art 13. School of Economics 14. School of Life Sciences 15. School of Medicine 16. School of Cultures, Languages and Area Studies 17.School of Computer Science 18. School of Sociology and Social Policy 19. Department of Cultural, Media and Visual Studies 20. School of Education 21. School of Pharmacy 22. Department of Electrical and Electronic Engineering 23. School of Geography 24. School of Law 25. School of Politics and International Relations 26.  School of Mathematical Sciences 27. Faculty of Medicine and Health Sciences 28. Natural Sciences 29. Department of Philosophy 30. School of Physics and Astronomy 31. Department of Theology and Religious Studies",Нет,159,Да,,,Маржан
kaplan,,Нет,,,,,,,
kaplan,"
Queen Mary University of London",Нет,10 факультетов,,182,Да,,,marzhan
kaplan,Cranfield University,Нет,Cranfield Defence and Security ,Нет,35,,,Да,Аяжан
navitas,Deakin University Lancaster University Indonesia,Нет,Факультетов на сайте нет ,Нет,"Computer Science, Cyber Security and Computer Science, Business Analytics, Commerce and Business Managment ",Нет,цен на сайте нету,Да,Аяжан
navitas,Keele University,Нет,Факультетов на сайте нет,Нет,"Chemistry and Physics, Computer Science and Mathematics, English,Creative Writing and History, Film,Media and Music, Geography,Geology and Environment, Law and Criminology, Nursing, Politics, International relations fnd Philisophy, Psychology, Sociology and Education, Sport, Business and Managment, Health Sciences, Life Sciences",Нет,,Нет,Аяжан
navitas,Western Sydney University,Нет,Факультетов на сайте нет ,Нет,"Arts, Business, Engineering, Information and Communications Technology, Health Science and Nursing, Science",Нет,"Foundation studies 26,700",Да,Аяжан
navitas,Wilfrid Laurier international college,Нет,"Business administration, Business and Economics, Science, Arts, Liberal Arts, Human and Social Sciences",Нет,47,Нет,,Нет,Аяжан
navitas,University of Twente,Нет,Факультетов на сайте нет,Нет,"Engineering and Technology stream, Business,Managment and Social Sciences stream",Нет,,Нет,Аяжан
naviitas,Toronto Metropolitan University,Нет,Факультетов на сайте нет,Нет,"Arts, Commerce, Creative industries, Economics and Finance, Engineering, Science",Нет,,Да,Аяжан
nativas,Brunel University of London,Нет,Факультетов на сайте нет,Нет,"Business and Managment, Economics and Finance, Engineering, Humanities, Social Sciences, Education and Psychology, Information and Computer Science, Law, Finance, Engineering and Design, English, Environmental Sciences, Education",Нет,"Health and Life Sciences 17,450",Нет,Аяжан
kaplan,Massey University,Нет,146 не хватает,Нет,1. Massey Business School 2. College of Creative Arts 3. College of Health 4. College of Humanities and Social Sciences 5. College of Sciences,"Да, частично","$34,220 – $42,300",Да,Маржан
navitas,Edith Cowan University,Нет,,Нет,"Commerce, Communications and Creative industries, Hotel managment, Computing/IT, Engineering, Health Science, Business, Social work",Нет,"Foundation program 29,400",Нет,Аяжан
oxford international,Lincoln Bishop University,Нет,Faculty of Education 2.Faculty of People and Society ,Нет,51,Нет,нет цены,Да,Гузеля
kaplan,Murdoch University,Нет,170 не  хватает,Нет,1. Massey Business School 2.College of Creative Arts 3. College of Health 4. College of Humanities and Social Sciences 5.College of Sciences,"Нет, цен нет","$9,472 - $69,572",Нет,маржан
oxford international,BPP University,Нет, BPP University Law School 2. BPP University Business School 3.BPP University School of Technology 4.BPP University School of Nursing,Нет,37,Нет,цен нет,Да,Гузеля
navitas,Charles Sturt University,Нет,,Нет,"Master of Business Data Analytics, Master of Health Professional Practice, Master of Professional Accounting, Master of Professional Information, Technology, Master of Project Managment and Leadership, Master of Social Work",Нет,цен нет,Нет,Аяжан
oxford international,Ravensbourne University London,Нет,"School of Design, Media and the Creative Industries 2.School of Computing and Digital Technologies  3.School of Business and Management",Нет,66,Да,,Да,Гузеля
naviats,University of Newcastle Australlia,Нет,16,Нет,155,"Да, кроме 3 и 4 фото","$34,800 - $41,700",Нет,маржан
navitas,Eynesbury College,Нет,5,Нет,11,Да,,Нет,маржан
navitas,Fraser Internatioal College,Нет,Факультетов на сайте нет,Нет,"Arts and Social Sciences, Business administration, Communication and Business, Communication/Art and Technology, Computing Science, Engineering Science, Environment(BA), Environment(BENV), Enviromnent(BSC), Health Science(BA), Health Science(BSC), ",Нет,цен нет,Нет,Аяжан
oxford international,University of Bradford,Нет,"Faculty of Management, Sciences and Engineering 2Faculty of Health and Social Care.",Нет,126,Нет,"International Foundation Year — Business and Management- 15,995 ",Нет,Гузеля
naviats,Griffith College,Нет,,Нет,"Business, Criminology and Criminal Justice, Design, Educational Studies, Engineering, Health Care, Health Sciences, Information Technology, International Tourism and Hotel Managment, Science, Social and Psyhological Science",Нет,"Business-25,500",Нет,Аяжан
navitas,Sydney Institute of Business and Technology,Нет,5,Нет,20,Нет,,Нет,marzhan
navitas,University of Hertfordshire,Нет,"Hertfordshire Business school, School of Creative Arts, School of Education, Hertfordshire Law School, School of Physics, Engineering and Computer Science",Нет,"Accounting and Finance, Animation/Film/Games and Creative Media, Architecture, Biomedical Sciences, Psychology and Sport, Business and Economics, Computer Science/Cyber Security and Data Science, Engineering/AI and Robotics, Geography and Environment, Health/Nursing, Midwifery, Law and Criminology, Media/Journalism/Politics and International relations, Music Compositions/Technology, and Production, Physics/Astrophysics and Mathematics",Нет,"Business-17,250, Engineering and Computer Science-17,500",Нет,Аяжан
oxford international,University of Notre Dame Australia,Нет,"Faculty of Arts, Sciences, Law and Business 2. Faculty of Education, Philosophy and Theology 3.Faculty of Medicine, Nursing, Midwifery and Health Sciences",Нет,23,Нет,цен нет,Нет,Гузеля
oxford international,Edinburgh Napier University,Нет,"The Business School 2.School of Arts & Creative Industries  3.School of Computing, Engineering and the Built Environment  4.School of Applied Sciences 5. School of Health & Social Care",Нет,61,Нет,"BSc Computer Science-15,325  2. BEng Software Engineering-15,325",Нет,Гузеля
,University of Manitoba,Нет,26,Нет,240,Нет,$15 000 - $30 000,Нет,marzhan
navitas,Robert Gordon University,Нет,"Abeerden Business School, School of Law and Social Sciences, School of Computing, Engineering and Technology, School of Health, School of Pharmacy, Applied Sciences and Public Health, Gray's School of Art, The Scott Sutherland School of Architectureand Build Environment",Нет,"Accounting and Finance, Arcitecture, Business and Managment, Communication, Marketing and Media, Computer Science and Security, Engineering, Nursing, Pharmacy, Surveyng, Accounting and Finance, Built Environment, Business managment, Computing, Creative and Cultural Business, Engineering, Healthcare Leadership, Law, Public Health, ",Нет,"Art and Design 15,500, Health and Life Sciences 17,500",Нет,Аяжан
oxford international,University of Dundee,Нет,"Faculty of Arts and Social Sciences 2. Faculty of Science, Engineering and Business  3.Faculty of Health 4. Faculty of Life Sciences ",Нет,196,Да,,Да,Гузеля
navitas,SRH International College - Heidelberg,Нет,10,Нет,больше 200,Нет,"€11,000-15,000",Нет,маржвн
,Curtin College,Нет,6-7,Нет,10,Нет,"$33,500$ - 42,900",Нет,маржан
oxford international,University of Kent,Нет,"Division of Arts and Humanities 2.Division of Natural Sciences 3.Division of Computing, Engineering and Mathematical Sciences 4.Kent Business School (KBS) 5.Division of Human and Social Sciences  6.Kent Law School (KLS)",Нет,112,Да,,Да,Гузеля
,Curtin Singapore,Нет,4,Нет,20-30,Нет,$18 000 - $26 000,Нет,маржан
oxford international,University of Roehampton,Нет,"Faculty of Business and Law 2.School of Arts, Humanities and Social Sciences 3.School of Education 4.School of Computing, Engineering and the Built Environment 5.School of Life and Health Sciences 6.School of Psychology",Нет,119,Нет," MSc (Hons) Data Science-4,000 2.BSc Computer Science-16,950",Нет,Гузеля
,ACAP University College Sydney,Нет,4-5,,20-30,Нет,16 000 - 35 000,Нет,маржан
oxford international,University of Winchester,Нет,"1.(Faculty of Law, Crime and Justice) 2.Faculty of Humanities and Social Sciences 3. Faculty of Education and the Arts 4.Faculty of Business and Digital Technologies  5.Faculty of Health and Wellbeing",Нет,74,Да,,Нет,Гузеля
oxford international,San Francisco State University,Нет,7,Нет,230+,Нет,"$20,000–22,000",Нет,маржвн
oxford international,BPP University,Нет,4,Нет,460,Нет,£10 000 до £22 000,,маржан
oxford international,University of Louisville,Нет,12,Да,,Нет,цен нет,Нет,Гузеля
oxford international,UNIVERSITY OF GREENWICH,Нет,3,Нет,350+,Нет,"USD 15,000–45,000 per year","Да, только 3",маржан
edvoy edge,Aston University,Нет,5,Нет,200+,Да,,Нет,маржан
edvoy edge,University of Derby,Нет,3,Нет,300+,Нет,"£16,900–18,500",Нет,маржан
edvoy edge,University of East Anglia,Нет,4,Нет,300+,Нет,"$30,000–37,000",Нет,маржан
edvoy edge,London South Bank University,Нет,7,Нет,250+,Нет,"£17,000–20,000",Нет,маржан
,University of Portsmouth,Нет,5,Нет,250+,Нет,"£19,000–22,000",Нет,маржан